PONTO,ESTE,NORTE,COTA,DESCRICAO,SOLUCAO,PDOP,SATELITES,DATA_HORA
PT001,746200.000,6944500.000,15.858,LIMITE,FIX,1.3,15,2026-03-17 08:13:45
PT002,746226.659,6944443.246,16.435,MURO,FIX,1.5,8,2026-03-17 08:14:19
PT003,746256.549,6944466.367,25.935,CAIXA,FIX,1.8,10,2026-03-17 08:15:33
PT004,746201.607,6944476.387,12.241,MURO,FIX,1.4,9,2026-03-17 08:16:51
PT005,746236.820,6944500.977,19.158,PORTAO,FIX,2.4,10,2026-03-17 08:18:20
PT006,746285.400,6944512.300,19.747,LIMITE,FIX,1.1,12,2026-03-17 08:19:15
PT007,746240.183,6944459.816,13.453,CALCADA,FIX,2.6,11,2026-03-17 08:20:03
PT008,746279.048,6944480.572,19.003,MEIO-FIO,FIX,1.5,15,2026-03-17 08:20:53
PT009,746232.578,6944489.052,24.696,CALCADA,FIX,1.6,10,2026-03-17 08:22:10
PT010,746239.904,6944468.761,23.073,MURO,FIX,2.4,11,2026-03-17 08:23:24
PT011,746341.750,6944498.600,20.791,LIMITE,FIX,1.4,15,2026-03-17 08:24:24
PT012,746300.815,6944504.695,15.719,EDIF,FIX,2.5,13,2026-03-17 08:25:12
PT013,746304.625,6944465.289,19.993,ARVORE,FIX,2.1,12,2026-03-17 08:25:52
PT014,746304.810,6944452.051,25.498,MEIO-FIO,FLOAT,2.4,15,2026-03-17 08:27:04
PT015,746337.120,6944477.081,13.791,CAIXA,FIX,2.1,9,2026-03-17 08:27:32
PT016,746372.100,6944441.250,18.511,LIMITE,FIX,1.1,16,2026-03-17 08:28:35
PT017,746303.065,6944382.917,12.594,RN,FIX,2.4,9,2026-03-17 08:29:18
PT018,746304.156,6944388.506,19.741,CERCA,FIX,2.1,11,2026-03-17 08:30:42
PT019,746328.827,6944493.541,18.659,CAIXA,FIX,1.7,15,2026-03-17 08:31:10
PT020,746316.248,6944420.115,16.451,RN,FIX,1.3,15,2026-03-17 08:32:12
PT021,746358.900,6944378.400,20.055,LIMITE,FIX,1.5,12,2026-03-17 08:33:41
PT022,746333.891,6944406.857,26.277,MEIO-FIO,FIX,1.6,14,2026-03-17 08:34:32
PT023,746326.925,6944404.422,20.686,POSTE,FIX,1.8,15,2026-03-17 08:35:25
PT024,746301.003,6944435.196,19.272,PV,FIX,2.9,12,2026-03-17 08:36:38
PT025,746357.117,6944423.217,22.325,MEIO-FIO,FIX,1.5,12,2026-03-17 08:38:08
PT026,746290.550,6944352.100,11.943,LIMITE,FIX,1.4,13,2026-03-17 08:39:17
PT027,746236.669,6944365.547,16.924,RN,FLOAT,2.2,13,2026-03-17 08:40:19
PT028,746254.511,6944406.693,16.019,CERCA,FIX,3.0,12,2026-03-17 08:41:28
PT029,746284.824,6944399.562,25.263,MEIO-FIO,FIX,2.1,14,2026-03-17 08:42:44
PT030,746324.282,6944381.061,14.410,POSTE,FIX,2.5,11,2026-03-17 08:43:18
PT031,746221.300,6944361.750,20.405,LIMITE,FIX,1.3,16,2026-03-17 08:43:59
PT032,746187.322,6944430.209,20.915,RN,FIX,2.8,10,2026-03-17 08:44:24
PT033,746272.715,6944359.404,21.279,TALUDE,FIX,1.7,9,2026-03-17 08:44:54
PT034,746271.314,6944371.275,16.353,CALCADA,FIX,1.8,9,2026-03-17 08:45:55
PT035,746269.462,6944384.566,15.035,CERCA,FIX,2.2,8,2026-03-17 08:47:13
PT036,746178.600,6944399.900,14.151,LIMITE,FIX,1.7,14,2026-03-17 08:48:44
PT037,746246.634,6944432.278,19.494,ARVORE,FIX,2.4,9,2026-03-17 08:49:45
PT038,746196.043,6944443.839,20.341,CERCA,FLOAT,3.0,11,2026-03-17 08:51:06
PT039,746243.617,6944454.071,12.274,RN,FIX,2.2,14,2026-03-17 08:51:37
PT040,746181.839,6944432.215,18.567,CAIXA,FIX,2.7,11,2026-03-17 08:52:45
PT041,746165.250,6944448.300,20.002,LIMITE,FIX,1.1,12,2026-03-17 08:53:27
PT042,746198.825,6944392.943,19.969,CALCADA,FIX,1.2,12,2026-03-17 08:54:00
PT043,746212.327,6944480.770,22.955,CERCA,FIX,1.4,9,2026-03-17 08:54:48
PT044,746221.319,6944404.924,25.548,POSTE,FIX,2.0,8,2026-03-17 08:56:08
PT045,746181.242,6944400.333,20.300,MEIO-FIO,FIX,2.8,9,2026-03-17 08:57:29
PT046,746180.400,6944478.150,17.211,LIMITE,FIX,1.1,13,2026-03-17 08:57:55
PT047,746234.164,6944408.272,26.006,ARVORE,FIX,1.8,11,2026-03-17 08:58:34
PT048,746223.102,6944421.371,24.979,POSTE,FIX,2.2,9,2026-03-17 08:59:12
PT049,746200.169,6944442.930,18.761,CAIXA,FIX,2.1,13,2026-03-17 09:00:32
PT050,746240.430,6944425.373,17.508,ARVORE,FIX,2.6,8,2026-03-17 09:01:07
